{"count":1,"self":268.7008256,"total":404.9972452,"children":{"AgentSendState":{"count":487934,"self":2.5851444,"total":3.7283844,"children":{"CollectObservations":{"count":48794,"self":0.22024269999999999,"total":0.22024269999999999,"children":null},"CollectDiscreteActionMasks":{"count":48794,"self":0.0737914,"total":0.0737914,"children":null},"AgentInfo.ToProto":{"count":48794,"self":0.33667199999999997,"total":0.849206,"children":{"GenerateSensorData":{"count":48794,"self":0.51253399999999993,"total":0.51253399999999993,"children":null}}}}},"DecideAction":{"count":487934,"self":130.57899519999998,"total":130.5789972,"children":null},"AgentAct":{"count":487934,"self":1.9780482,"total":1.9880202,"children":{"AgentInfo.ToProto":{"count":332,"self":0.0069812999999999993,"total":0.009972,"children":{"GenerateSensorData":{"count":332,"self":0.0029906999999999998,"total":0.0029906999999999998,"children":null}}}}}},"gauges":{"RobotBrain.CumulativeReward":{"count":332,"max":1,"min":-1,"runningAverage":-0.0180722922,"value":0,"weightedAverage":-0.0246371627}},"metadata":{"timer_format_version":"0.1.0","start_time_seconds":"1588137970","unity_version":"2019.3.11f1","command_line_arguments":"C:\\Program Files\\Unity\\Hub\\Editor\\2019.3.11f1\\Editor\\Unity.exe -projectpath E:\/aichan\/ml_01\/Unity_machine_learning\/ML_106051071 -useHub -hubIPC -cloudEnvironment production -hubSessionId d6948b10-89b0-11ea-b3eb-91115c931980 -accessToken xPe1aqcBcaCsvQqoetezxh3M1TlJG150izyEW0t3ZbA011f","communication_protocol_version":"0.17.0","com.unity.ml-agents_version":"1.0.0-preview","scene_name":"01","end_time_seconds":"1588138375"}}