{"cameraMode":{"drawMode":0,"name":"Shaded","section":"Shading Mode"},"sceneLighting":true,"audioPlay":false,"sceneViewState":{"showFog":true,"showMaterialUpdate":false,"showSkybox":true,"showFlares":true,"showImageEffects":true,"showParticleSystems":true},"in2DMode":false,"pivot":{"x":-0.9160075187683106,"y":-1.1440908908843995,"z":-2.1298956871032717},"rotation":{"x":-0.036643318831920627,"y":0.9592697620391846,"z":-0.23811736702919007,"w":-0.1476306915283203},"size":4.134892463684082,"orthographic":false}