{"cameraMode":{"drawMode":0,"name":"Shaded","section":"Shading Mode"},"sceneLighting":true,"audioPlay":false,"sceneViewState":{"showFog":true,"showMaterialUpdate":false,"showSkybox":true,"showFlares":true,"showImageEffects":true,"showParticleSystems":true},"in2DMode":false,"pivot":{"x":0.07061958312988281,"y":-0.2448740005493164,"z":-0.3192310333251953},"rotation":{"x":-0.20421376824378968,"y":0.395321786403656,"z":-0.09060973674058914,"w":-0.8909814953804016},"size":9.581536293029786,"orthographic":false}